,Unnamed: 0,1642,1691,1746,2056,2313,2690,3027,3611,4594,4605,5870,5951,6750,6960,7077,7224,7457,7725,7739,8055,8130,8517,8755,8922,9318,9886,10064,10245,10304,10641,10708,10731,10825,10866,11152,11221,11305,11425,11743,11937,12452,13446,13547,13643,13873,14134,14467,14487,14527,14821,15048,15505,16651,17639,18869,19052,19742,20673,20939,21024,21195,21672,21689,22973,23005,23334,23471,23535,23569,23605,23743,23831,23909,25562,25685,26138,26371,26771,26816,27095,27438,27669,28247,28259,28422,28466,29005,29452,30208,30241,30358,31254,32130,33114,cluster,user_count
0,2502.7555555555555,3.9383789190222216,3.7016968470999996,3.2,3.15,3.327936507933334,3.111111111111111,3.088888888888889,4.239629629644444,3.5862962962999996,4.400051029222222,3.066666666666667,3.077910052922222,3.425763246577778,3.1483333333222228,3.075,3.0944444444444446,3.762401260655555,3.2150315322444443,3.0841269841222223,3.903589670788889,3.0722222222222224,4.245846198655555,3.0748148148111114,3.077777777777778,3.0555555555555554,3.4271208112666662,3.2808749329,3.022222222222222,3.2,3.5060052909999992,3.1222222222222222,3.125521885522222,3.175925925922223,3.1727513227444444,3.1592592592555553,3.238888888888889,4.085326848033334,3.022222222222222,4.120740517311111,3.0388888888888888,3.1712962962999995,3.0865740740777774,3.1386363636333336,3.0444444444444443,3.022222222222222,3.4546296296333336,3.768507495577778,3.8668561628333338,3.1,3.6342941318,3.6995196130111108,3.0,3.25,3.088888888888889,3.0444444444444443,3.011111111111111,4.109698141366668,3.440740740744444,4.339821043533332,3.180158730155555,3.1444444444444444,3.1074074074111113,4.311741853866665,3.5494897150888898,3.022222222222222,3.040476190477778,3.605185185188889,3.066666666666667,3.1166666666666667,3.0861111111111112,3.0722222222222224,3.168783068777778,3.2222222222222223,3.4122222222222223,3.1333333333333333,3.805908523399999,3.062962962966666,3.6843703520888886,3.7153747795444443,3.253518518522222,3.013888888888889,3.569537037022222,3.0547619047555554,3.033333333333333,3.2296296296333336,3.0861111111111112,3.022222222222222,3.149867724866667,3.0555555555555554,3.077777777777778,4.163720907355555,3.216666666666667,3.555542328033333,3.8766831712555554,0.0,1.0
1,2379.378151260504,3.180859669344538,3.0458183273277313,3.1120448179243696,3.008403361344538,3.0564553093949582,3.008403361344538,3.0294117647058822,3.0827731092436976,3.2682072829075635,3.582049486478992,3.00560224089916,4.14309723889916,2.9568540236638663,3.0903361344537816,2.9950980392184876,3.008403361344538,3.2794705294705877,3.040616246504202,3.0168067226890756,2.997515396546218,3.008403361344538,3.062114845932773,2.9978991596638656,2.9747899159663866,3.46778711484874,3.0489495798235295,3.08718487394958,3.7941176470588234,3.421008403361345,3.0561824729915967,3.153361344537815,3.023529411764706,2.957983193277311,3.1218487394957983,2.995798319327731,3.1638655462184873,3.1349628312857143,3.0,3.1847976825294113,3.302521008403361,3.0126050420168067,2.991596638655462,3.033613445378151,3.0294117647058822,3.0,3.361344537815126,3.3364412431512607,3.0879048589159668,3.0,3.045378151260504,3.1113801931008407,3.0,3.180672268907563,3.051820728285714,2.991596638655462,3.008403361344538,3.164915966378151,3.088235294117647,2.9947979191596645,3.022408963588235,3.1372549019579834,3.002801120445378,4.187028979268908,3.0112044817899157,3.046218487394958,3.173449379747899,4.038572398647059,3.008403361344538,3.277310924369748,3.042016806722689,3.0168067226890756,3.0714285714285716,3.3282913165210077,3.5128851540588237,3.046498599436975,2.8546445851008397,3.0504201680672267,3.0853341336554623,4.404837995789916,3.610754301731093,3.008403361344538,3.2018207282941185,3.0216548157731093,3.0,3.168067226890756,3.008403361344538,3.033613445378151,2.9831932773109244,3.0168067226890756,3.060504201680672,2.930032012798319,3.0672268907563027,3.259243697478992,3.1406830797563026,1.0,1.0
2,2724.6363636363635,3.769384319377622,3.087062937062937,3.0244755244755246,2.986013986013986,3.012237762237762,3.013986013986014,3.006993006993007,3.032634032636363,3.023310023307692,3.0502164502097897,3.0,3.011655011657343,3.9077195531678326,3.0361305361258744,3.26821511820979,3.013986013986014,3.1119253553496504,3.0027972027972027,3.0,4.219506280937063,3.0,3.0696581196573427,3.0,3.016899766902098,3.006993006993007,3.6217948717972033,3.0440559440559443,3.0058275058251747,3.034965034965035,3.0174825174825175,3.0,3.006993006993007,3.0618612157062937,3.006993006993007,3.013986013986014,3.589160839160839,3.0787398875664334,3.006993006993007,4.148628864699301,3.0034965034965033,3.0524475524475525,3.002331002328672,3.0314685314685317,3.027972027972028,3.0,3.013986013986014,3.138022234174825,3.256143856146853,3.013986013986014,3.026806526804196,3.147098515524475,3.022727272727273,3.020979020979021,3.006993006993007,3.0,3.006993006993007,3.0297202797202796,3.0384615384615383,3.2591073456503503,3.006993006993007,3.0,3.013986013986014,3.1500000000069925,3.0337995338041956,3.0384615384615383,3.0174825174825175,3.0657342657342657,3.0,3.0,3.0,3.027972027972028,3.0104895104895104,3.011655011657343,3.0489510489510487,3.041958041958042,4.226469050244756,3.006993006993007,2.9904428904405593,3.0134032634055945,3.0562937062937063,3.0,3.089743589741259,2.9982517482517483,3.020979020979021,3.111888111888112,3.005494505496504,3.0,3.245920745923077,3.006993006993007,3.0384615384615383,3.0801779046013986,3.006993006993007,3.0233100233076926,3.579582917083916,2.0,1.0
3,2430.049019607843,3.3139711875392157,3.2185131249411763,3.1372549019607843,3.0122549019607843,3.0359943977549024,3.0,3.019607843137255,4.729575163392156,4.3084967320196075,4.738849086627451,3.0098039215686274,3.1344771241862746,3.1192371066078435,3.1046568627450983,3.015032679735294,3.019607843137255,3.319431592872549,2.9858932461862744,3.1330065359509804,3.241386960215685,3.0637254901960786,3.080260807529412,3.0098039215686274,3.0098039215686274,3.049019607843137,3.1037581699411763,3.0800108932450985,3.1601307189509806,3.1813725490196076,3.103186274509804,3.019607843137255,3.0525846702352943,3.0294117647058822,3.0163398692843137,3.058823529421569,3.210955493313725,3.363316103558824,2.9901960784313726,3.6236109079411767,3.0294117647058822,3.0784313725490198,3.0156862745098043,3.175490196078431,3.0588235294117645,3.0,3.14379084967647,3.3271804800392157,3.265564549607843,3.050653594764706,3.1281045751666667,3.3088195029313723,3.0049019607843137,3.122549019607843,3.0833333333333335,3.0,3.0,4.531922162813725,3.450980392156863,3.112625691303922,2.993697478990196,2.9869281045784315,3.0098039215686274,4.496234010490195,3.0574385309705883,3.019607843137255,3.0957516339901963,3.456263616558824,3.019607843137255,3.0392156862745097,3.0575980392156863,3.0506535947745093,3.145751633990196,3.235294117647059,3.1470588235294117,3.019607843137255,3.1986621732058813,3.0441176470588234,3.153386518000001,3.3276143790882355,3.216153127911765,3.006535947715686,3.2678104575196083,3.017156862745098,3.0,3.0686274509803924,3.0163398692843137,3.033333333333333,3.109663865549019,3.0294117647058822,2.9901960784313726,3.147123317539216,3.035947712421568,3.1622549019509805,3.235060299529412,3.0,1.0
4,2380.346666666667,3.6102434833866663,3.275449435546667,3.4411111111199997,3.013333333333333,3.7037828054266675,3.0533333333333332,3.157777777773333,3.5414814814799995,3.4066666666666667,4.3798037518,3.026666666666667,3.121777777773333,3.0130994343999995,3.3369802867466665,3.063333333333333,2.966666666666667,4.031988566799999,3.2697777777866666,3.0813333333333333,3.553429872853334,3.0533333333333332,3.0748196248266666,3.013333333333333,3.02,2.986666666666667,3.6329759499866667,2.9718412698533334,3.1866666666666665,3.2453333333333334,3.27523809524,3.0533333333333332,3.0561111111199994,3.08,3.0946666666666665,3.01555555556,3.6545224171466666,3.4983348416799998,3.0,3.7645711884400015,3.008888888893333,3.2222222222399997,3.288,3.156507936506667,2.997777777773333,3.0,3.38755555556,3.7005422572266675,3.7695571407066693,3.0933333333333333,3.28346031748,3.6196944869733327,3.0,3.2066666666666666,3.318666666666667,3.0,3.0233333333333334,4.30086772488,3.2333333333333334,3.274502927746667,3.30888888888,3.1066666666666665,3.04,4.107938259186666,3.009990675986667,3.28,3.0533333333333332,3.66081705332,3.0733333333333333,3.12,3.333904761906667,3.562126984133333,4.362031746026667,3.311,3.3977777777733333,3.048888888893333,3.401028595053333,3.2133333333333334,3.1999999999866673,3.387250626546667,3.2993333333333332,3.1413333333333333,3.6770702260799992,3.0111111111066666,3.013333333333333,3.1066666666666665,3.0777777777733335,3.0,3.061111111106666,3.264333333333333,3.0533333333333332,3.0849934640666667,3.14,3.561333333333333,3.469248897480001,4.0,1.0
5,2666.475,3.8457579466250005,4.1373028640375,3.075,3.034375,3.0643452381,3.075,3.0375,3.5554166666625,3.2833333333249994,4.363511904762501,3.0125,3.0604166666625,3.314611569,3.6648214285750003,3.234375,3.06875,3.7638581210375,3.6327205086500003,3.4331249999999995,3.8748694345124997,3.05,3.3635761132499993,3.0229166666625003,3.025,3.025,3.3386458333250006,3.4605513649499997,3.025,3.21875,3.3248214285624997,3.14375,3.179450757575,3.0679487179500002,3.11875,3.4021780303124998,3.7781249999999993,4.202661445400001,3.0125,4.043257424812502,2.9875,3.06875,3.0291666666625,3.764896978025,3.025,3.0,3.16875,3.7500503713124993,3.6612022912625,3.0986607142875,3.5082242063624998,4.057003121175001,3.0669642857125,3.14375,3.0729166666625005,3.025,3.052380952375,3.8686515567875,3.20625,3.478136885275,3.1330555555624997,3.1875,3.0270833333375,4.33472816395,3.3473538568875,3.10625,3.03125,3.3194940476249997,3.025,3.1,3.2604166666625005,3.103125,3.203125,3.179166666675,3.278125,3.2449404762,3.8281825748875002,3.19375,3.9054401773375,3.567410714275,3.129166666675,3.003125,3.591428571425,3.10625,3.0,3.4008333333375,3.078571428575,3.1395833333375,3.6228179824499995,3.0,3.04375,3.1525233100250003,3.175,3.4285416666624995,4.226817907537501,5.0,1.0
6,2554.266129032258,3.386084696395162,3.524186566112903,3.1670698924758067,3.032258064516129,3.2481357856129027,3.096774193548387,3.0161290322580645,3.188104838709677,3.129032258064516,3.4992545576290315,3.0080645161290325,3.110483870967742,3.1420363537338707,4.684891650903227,3.2605286738387096,3.100806451612903,4.007949208112903,3.2795698924758065,3.0786290322580645,3.5440764199758066,3.073924731185484,3.1798847433951614,3.028225806451613,3.0483870967741935,3.032258064516129,3.29808973442742,3.0378910068467744,3.0983870967741933,3.276209677419355,3.1581317204274195,3.024193548387097,3.064516129032258,2.971774193548387,3.043010752685484,3.2587365591451616,3.4066848474032256,3.892022338411291,3.0,3.9950277246935464,3.0443548387096775,3.1202956989193544,3.0567876344112905,3.228942652330645,3.0,3.0,3.096102150540322,3.428170127354838,3.5145296770241936,3.0766129032258065,3.070844268209678,4.041803739975806,3.0,3.0638440860241936,3.0739247311854836,3.0080645161290325,3.0161290322580645,3.3884472606129035,3.153225806451613,3.293348761072581,3.0880376344112905,3.056451612903226,3.0080645161290325,3.7090556627903233,3.0981544665080647,3.1754032258064515,3.0524193548387095,3.2014418377338707,3.024193548387097,3.0161290322580645,4.823370849580645,3.0621857980725804,3.7641577060887093,3.119623655911291,3.27553763441129,3.2385176651290326,3.366576042088709,3.07795698925,3.321018945209677,3.3147849462338708,3.1805107526854837,3.0306451612903227,3.3374802340241936,3.028225806451613,3.032258064516129,3.032258064516129,3.032258064516129,3.0080645161290325,3.1955837173548383,3.0577956989274195,3.104166666669355,3.1100874990322582,3.0416666666693546,3.240340909096774,3.6035776188629036,6.0,1.0
7,2721.1111111111113,3.9196115062083328,3.5382122507222222,3.0,3.0277777777777777,3.0694444444444446,3.0,3.013888888888889,3.0555555555555554,3.0416666666666665,3.2384259259305552,3.0277777777777777,3.099537037041667,3.4794973545,3.0694444444444446,3.1468253968194446,3.013888888888889,3.295717592597222,3.0416666666666665,3.0277777777777777,3.6279265872916664,3.0347222222222223,3.1109532828333335,3.013888888888889,3.0,3.0555555555555554,3.091666666666667,3.1527777777777777,3.048611111111111,3.013888888888889,3.1041666666666665,3.0277777777777777,3.045138888888889,3.0787037037083334,3.013888888888889,3.136111111111111,3.1365740740694443,4.239693497930555,3.013888888888889,4.137736585361114,3.048611111111111,3.0902777777777777,3.0416666666666665,3.095833333333333,3.0,3.0,3.076388888888889,4.662731481472222,4.537764550263889,3.5960648148194445,3.1710648148194442,3.392068713444445,3.013888888888889,3.0,3.0277777777777777,3.0,3.0166666666666666,3.1180555555555554,2.986111111111111,3.597354303402778,3.185416666666667,3.013888888888889,3.0277777777777777,3.3641865079305555,3.4657870814722225,3.013888888888889,3.0520833333333335,3.1874999999999996,3.0416666666666665,3.0277777777777777,3.0,3.0208333333333335,3.0555555555555554,3.0277777777777777,3.125,3.2027777777777775,4.171058995013888,3.0277777777777777,3.4110780423194442,3.182870370375,3.096296296305555,3.0,3.173611111111111,3.0347222222222223,3.0277777777777777,3.0694444444444446,3.0277777777777777,3.0277777777777777,3.026620370375,3.0208333333333335,3.036111111111111,3.2535473785555555,2.986111111111111,3.064814814819444,3.4826743539722225,7.0,1.0
8,1950.3863636363637,3.499744699734849,3.1618929681439387,3.1166666666666667,3.0166666666666666,3.7126812197424246,3.0757575757575757,3.037878787878788,3.0858585858636367,3.132575757575758,3.2875180375151514,3.007575757575758,3.077651515151515,3.0323051948030306,3.024242424242424,3.0265151515151514,3.015151515151515,4.21700786585606,2.988419913416667,3.040366904340909,4.162666500151515,3.015151515151515,3.180555555560606,3.007575757575758,3.007575757575758,3.015151515151515,3.6073232323106055,3.0342712842727266,3.0441919191893936,3.090909090909091,3.103030303030303,3.053030303030303,3.024621212121212,3.0732323232348486,3.0454545454545454,3.022727272727273,3.1047979798030307,3.577180398606061,3.0,4.135762764628789,3.0,3.246212121212121,3.1363636363636362,3.0574494949545454,3.053030303030303,3.0,3.071969696969697,3.445607864363636,3.799129574128788,3.008658008659091,3.2613005050530304,3.2339165464090915,3.0170454545454546,3.1363636363636362,3.3920454545454546,3.0,3.0113636363636362,3.147015610659091,3.159090909090909,3.306695451007576,3.0511363636363638,3.034090909090909,3.034090909090909,3.612413911833332,3.0568181818181817,3.015151515151515,3.037878787878788,3.944480246181818,3.037878787878788,3.037878787878788,3.015151515151515,3.2106060606060605,3.28844696969697,3.1515151515151514,3.147727272727273,3.007575757575758,3.9733706108863633,3.1875,3.327564333825757,3.1750957375984847,3.08369408369697,3.015151515151515,4.093522386704546,3.015151515151515,3.015151515151515,3.051767676765152,2.992424242424242,2.9946338383863638,3.0681818181818183,3.128156565659091,3.063131313128788,3.073493867242424,3.053030303030303,3.135732323234848,3.2128635253560605,8.0,1.0
9,2590.9633027522937,3.6026200227247704,3.809564737027522,3.5081039755412844,3.134250764522936,3.4067275232385317,3.1192660550458715,3.0091743119266057,3.424614096394496,3.6975402782844022,3.812048117926606,3.0642201834862384,4.130184485422019,3.09869728819266,3.2899766899724767,3.1135850388073396,3.018348623853211,3.769557847963303,3.2339340323119266,3.084097859330275,3.5136503859724773,3.0871559633027523,3.5385262396146784,3.0484927916146787,3.018348623853211,3.1926605504587156,3.3369484491100914,3.3691349934495416,3.770466109706422,3.4538990825688076,3.3418377748532113,3.279816513761468,3.2134143973486236,2.989296636082569,3.1939568181926603,3.1709480122385325,3.3859221945229363,3.7902203826972474,3.0,3.7362281238990813,3.5431265472568803,3.1856269113119264,3.1085190039357795,3.2451116671376146,3.0091743119266057,3.0,3.681957186550459,3.7930249622568804,3.750318065844037,3.0871559633027523,3.334196817449541,3.5721566659541284,3.0,3.495412844027523,3.128440366981651,3.0137614678899083,3.0,3.53836862380734,3.1819571865412843,3.620297874220183,3.26055045872477,3.2155963302752295,3.0275229357798166,4.008901267366974,3.1568185637155968,3.259938837917431,3.8611730013211,3.5022281575137617,3.036697247706422,3.1730608840733945,3.1638518209541284,3.1690694626513762,3.220183486238532,3.422018348623854,3.3473132372293577,3.080530071348624,3.4802746057064207,3.1200305810366973,3.61350994687156,4.085536038146789,4.0843457510642205,3.055045871559633,3.5129568952935784,3.0998088685045873,3.0596330275229358,3.463914373091743,3.1696483180458714,3.0091743119266057,3.2240269669082564,3.0688073394495414,3.0160550458715596,3.4539125420000003,3.3492791611926602,3.780166011366972,3.5266914059541286,9.0,1.0
10,2631.288,3.2411403015639992,3.1491191373440004,3.0526666666680002,3.0013333333319996,3.126138888884,3.016,3.012,2.986571428572,3.058666666664,3.042355497844,3.004,3.0136666666679996,3.017003178528,3.0128000000039994,3.056577777776,3.01,3.2207581030839996,2.952571428572,3.0078666666680003,3.181488264328001,3.002,3.068911928104,3.016433333332,3.006666666668,3.004,3.110815584416,3.0161111111080006,3.0166666666679998,3.002666666668,3.122866666664,3.0073333333320003,3.0303875843439996,2.994948717948,3.053688888888,3.0156333333320005,3.1368095238080005,3.1311608755240004,3.004,3.468145110024,3.0,3.036,3.0258303030320004,3.0441015873,3.0,3.0,2.9866666666640005,3.9539556758159993,3.900677967844,3.1186666666679996,3.057838596492,3.0203443112440005,3.0,3.038,3.0713333333360002,3.002,2.996,2.965298245612,3.0653333333319996,3.18962770458,3.052533333332,3.018,3.008666666668,3.132990312883999,3.0082661807760003,2.994,2.971666666668,3.02857619048,3.0,3.028,3.014666666668,3.040933333332,3.0904000000000003,3.034333333332,2.990666666668,3.0504285714279997,3.287432203139999,3.02,3.0275675125199997,3.099115151516,2.9667047619079994,3.002666666668,3.117666666664,3.004144444444,3.036,3.017066666664,3.0242285714279995,3.0013333333319996,3.0339742296920003,3.022,3.010333333332,3.0497499094680003,3.010666666668,3.4442444444439997,3.1549670805640004,10.0,1.0
11,2528.072874493927,3.1054527991862355,2.951362874639676,3.02834008097166,2.9979757085020244,2.9876833692591096,3.016194331983806,3.0506072874493926,3.027924706874494,3.075438596489879,3.1600825781821866,3.0445344129554655,3.437151445044534,2.985843389020243,2.9990890688259113,3.1449778291943318,3.0080971659919027,3.0743434770485827,3.045209176785425,3.022267206477733,2.9879866246153846,3.04251012145749,3.049307144672065,3.0101214574898787,3.0,3.1153846153846154,3.0066191343522264,2.992726571672065,3.2311740890728746,3.1734143049919026,3.0094466936518223,3.01417004048583,2.9979757085020244,3.0,3.0097358781538457,2.9817813765182186,3.0483876110323886,2.9548057055668018,3.0,3.0738520959433213,3.123481781376518,3.071524966263158,3.0101214574898787,3.049797570850202,3.0040485829959516,3.0040485829959516,3.2064777327894736,3.0697855107773275,3.0220970302064774,3.004588394060728,2.9827567169676112,3.0662657517894742,3.007634470793522,3.0506072874493926,3.016194331983806,3.0,3.003238866396761,3.086913305991904,3.0172064777327936,3.0121397641255063,3.0067476383279352,3.031713900133603,3.0052631578947366,3.725956600016193,2.9766348727085017,3.0985155195668015,3.3536559931295544,3.4057113938704453,3.0404858299595143,3.02834008097166,3.018402649979757,3.0121457489878543,3.032838506522267,3.079622132255061,3.3350202429149802,3.0573742047408907,3.0005789565870447,2.9959514170040484,2.98070585245749,3.3358203200283403,3.7117357001943314,3.0080971659919027,3.0155195681497973,2.992596876805668,3.0,2.999325236165992,3.0080971659919027,3.0020242914979756,3.0051282051295547,3.0080971659919027,3.031039136303644,3.010768298838057,3.031713900133603,3.055701754384615,2.9648744660404853,11.0,1.0
12,2695.3884297520663,3.267725473363637,3.226662278859505,3.081267217628099,3.0,3.0289256198347108,3.0165289256198347,3.0082644628099175,3.1425619834710745,3.1997245179008265,3.5954563343057853,3.1404958677685952,4.166906371859504,3.153497787793389,3.0647382920082644,3.129150321818182,3.0082644628099175,3.3628623901322316,3.057892561983471,3.0774793388429753,3.260773927371901,3.0082644628099175,3.124760592942149,3.002754820933885,3.0082644628099175,3.206611570247934,3.010743801644628,3.030716253446281,3.1597796143305787,3.340909090909091,3.053030303033058,3.0082644628099175,3.0529614325041323,3.034297520661157,3.0578512396694215,3.074380165289256,3.207851239677686,3.2551084911239663,3.0082644628099175,3.5544367405206607,3.190082644628099,3.0936639118429756,3.0275482093636366,3.110180315553719,3.0165289256198347,3.0,3.4077134986198345,3.281050010595041,3.229866144206611,3.024793388429752,3.0900880817768597,3.3004007012231407,3.0082644628099175,3.068870523413223,2.9917355371900825,3.0,3.0,3.2985242030743804,3.0578512396694215,3.1909110883966942,3.0316804407685956,3.0785123966942147,3.020661157024793,4.296506834016528,3.102934943842975,3.0991735537190084,4.669283746553719,4.0038108356281,3.049586776859504,3.049586776859504,3.0487603305785123,2.9917355371900825,3.0785123966942147,3.137741046834711,3.3677685950413223,3.0602125147603303,3.23556595953719,3.0330578512396693,3.070142238140496,3.393945654892563,4.6526269185289255,3.0082644628099175,3.1515151515123967,3.003305785123967,3.0,3.115702479338843,3.024793388429752,3.024793388429752,3.0571035025619833,2.9917355371900825,3.0404040404049586,3.151074797553719,3.074380165289256,3.0646005509586782,3.1665677237107444,12.0,1.0
13,2428.6641791044776,3.29820124758209,3.4397186913358215,3.049751243783582,3.0597014925298502,3.1069651741343285,3.0522388059701493,3.0124378109477608,3.0118159203955224,3.1007462686567164,3.1661832881044774,3.0049751243805973,3.0968372423582093,2.9739023414402985,3.2558709829104475,3.0407782515970148,3.0597014925373136,3.521658400820896,3.6523454481865665,4.55188766802985,3.271562118738806,3.029850746268657,3.1585556272089548,3.103731343283582,3.014925373134328,3.0634328358208953,3.1554104477611937,3.3199261932089557,3.0559701492537314,3.074626865671642,3.0350746268656716,3.044776119402985,3.1790502707985078,3.0522388059701493,3.0292288557238805,3.077487562186567,3.0968194740597017,3.793491101917911,3.0074626865671643,3.894591297649255,3.0223880597014925,3.1007462686567164,3.061069651738806,4.627317657537314,3.0211442786044778,3.014925373134328,3.039800995022388,3.2647016747686566,3.327659478298507,3.0186567164179103,3.6450115678432833,3.83708522291791,3.0074626865671643,3.044776119402985,3.0559701492537314,2.996268656716418,3.1917910447761195,3.1081576383880596,3.0547263681567163,3.2712111849626866,3.204726368156716,3.1082089552238807,3.0708955223880596,3.507983292977612,3.142837893858209,3.031716417910448,3.070504619761194,3.305970149246269,3.0,3.037313432835821,3.195480928679104,3.073560767589552,3.1424129353208956,3.053482587067164,3.1666666666641796,3.039896670492537,3.2898811893208957,3.014925373134328,3.5971034157611936,3.2831067874925366,3.1189813917313436,3.029850746268657,3.5217128642462674,3.137077599014925,3.014925373134328,3.0074626865671643,3.0243781094552236,3.292910447761194,3.0310945273656715,3.0432835820895523,3.0082622601268656,3.00908935508209,2.9925373134328357,3.249253731343283,3.462053088813433,13.0,1.0
14,2833.4333333333334,4.145013351199999,4.128663333433333,3.880952380966667,3.283333333333333,4.266293755266667,3.566666666666667,3.1333333333333333,4.0257142857,3.8444444444333334,4.362395993733333,3.4833333333333334,3.3711111111,3.4092844574,4.508489261066667,3.5455555555666667,3.3333333333333335,4.458051841066666,4.035555555566667,3.1333333333333333,4.1766452098,3.1,3.9145854146,3.225,3.1666666666666665,3.0,4.351107503666667,3.7210185185333335,3.5777777778,3.5722222222333335,4.0292783605333335,3.55,3.5283068783,3.4166666666666665,3.2555555555666666,3.5638888889,3.7875000000333334,4.377005604966667,3.0,4.346307265066667,3.1666666666666665,4.0524206349,3.933333333366667,3.433333333333333,3.3333333333333335,3.0,3.566666666666667,4.191710335333333,4.196860849166666,3.3129629629666666,4.175920821266667,4.4418656005666675,3.0,3.8071428571333334,4.010833333333333,3.0,3.0,4.0207051282,3.7666666666666666,4.046298724633333,3.8872222222333335,3.8611111111,3.172222222233333,4.3877353173,3.8398789173999996,3.15,3.1733333333333333,4.356004632666667,3.1333333333333333,3.4,4.420655363166667,4.582936507966667,4.487936507966666,4.1011111111,3.8366666666666664,3.7547619047666667,4.186773059866666,3.819444444433333,4.0130586757,4.1141161616333335,3.2444444444666667,3.534126984133333,4.447224118466667,3.395238095233333,3.3,3.5744444444333334,3.0,3.0,3.8488095237666666,4.234444444466667,3.2277777777666667,3.886337138333333,3.7955555555666667,4.2169246031666665,4.1722560053999995,14.0,1.0
15,2888.4210526315787,3.539385110508772,3.4559126180789472,3.008771929824561,3.0,3.0,3.039473684210526,3.017543859649123,3.0198830409385966,3.01461988304386,3.0809941520438593,3.0,3.023391812868421,3.2347598308070173,3.26294903927193,3.010338345868421,3.026315789473684,3.152046783622807,3.1257309941491225,3.031578947368421,3.628598058850877,3.021052631578947,3.1982204314561407,3.017543859649123,3.0350877192982457,3.0350877192982457,3.1315789473684212,3.233625730991228,3.008771929824561,3.026315789473684,3.013157894736842,3.004385964912281,3.093796992482456,3.043859649122807,3.017543859649123,3.2874895572280702,3.236842105263158,4.515643025763157,3.008771929824561,4.226941645298245,3.017543859649123,3.017543859649123,3.017543859649123,3.4920983013157896,3.0,3.0,3.017543859649123,3.060428849903509,3.1351503759385966,3.008771929824561,3.3819444444385964,3.5333333333421053,3.0350877192982457,3.017543859649123,3.0116959064298245,3.0,3.2005139110350878,3.040204678368421,3.017543859649123,3.686344630438598,3.071150097464913,3.0,2.991228070175439,3.2423976608245613,3.8651467850964907,3.017543859649123,3.0423976608157894,3.0555555555526315,3.0,3.0,3.0058479532192983,3.0350877192982457,3.0701754385964914,2.991228070175439,3.0473684210526315,3.002923976605263,4.017638367403509,3.0,3.47026768308772,3.0293859649122807,3.0601503759385964,3.0,3.2485380116929825,3.0058479532192983,3.017543859649123,3.0935672514649126,3.0204678362543858,2.991228070175439,3.374812030070175,3.017543859649123,3.006432748535088,3.20198003177193,3.017543859649123,3.004385964912281,4.269547836157894,15.0,1.0
16,2540.8855721393033,3.6126143245323386,3.220300217293533,3.0789800995074628,3.02363184079602,3.050769959721393,3.0199004975124377,3.0248756218905473,3.366417910447762,3.189469320064677,4.023864899616914,3.0049751243781095,3.084577114427861,3.256034899358208,3.1074626865671644,3.045368396114428,3.004975124378109,3.2094577053631843,3.267251046358209,3.017412935323383,3.572016307084577,3.0472636815920398,3.173169546587064,3.007213930348259,3.0049751243781095,3.0024875621890548,3.2345415778159206,3.1353233830845766,3.078772802651741,3.1865671641791047,3.094835347069651,3.0381426202338306,3.058158880920398,2.9950248756218905,3.0184908789402987,3.038142620233831,3.307320540154228,3.255809163855722,3.0049751243781095,3.6541010416069652,3.014925373134328,3.082918739636816,3.017412935323383,3.1363420990298505,3.014925373134328,3.0,3.077943615253732,3.175759390343282,3.114884655149254,3.0132669983432834,3.0679288741442794,3.5903553640696515,3.074046434492537,3.126865671641791,3.0259121061343284,3.0,3.009121061358209,3.709184739024877,3.1235489220597015,3.2200954540248747,3.0223880597014925,3.0704809286915427,3.014925373134328,4.017030012238804,3.028260680726368,3.1069651741293534,3.036484245442786,3.1579601990049753,3.0696517412935322,3.0199004975124377,3.045605306800995,3.0454868514577114,3.072470978442786,3.088888888885572,3.0945273631840795,3.084577114427861,3.340931492248756,3.0,3.1546991931094537,3.2175076995920393,3.1252072968507463,3.0066334991691543,3.221849087900497,3.0139777303980098,3.0049751243781095,3.0597014925373136,3.013681592039801,3.0024875621890548,3.1733238569054723,3.029850746268657,3.0116086235472634,3.0807993995522387,3.0646766169154227,3.016228381905473,3.4705227362437814,16.0,1.0
17,2524.748717948718,3.1858474551076927,3.2359211627307682,3.014316239317949,3.01581196581282,3.0139316239282046,3.0076923076923077,3.0076923076923077,2.984976689976923,2.9934188034205125,2.9926414326384614,3.0,3.0128205128205128,3.0663054912743593,3.0911324786384617,2.9960113960076926,3.0200854700846156,3.1615866147615383,3.0356296694743587,3.1023015872999995,3.2350251131282057,3.0076923076923077,3.0207309402230766,3.0183760683743586,3.023076923076923,3.0076923076923077,3.078492063494872,3.089346764346154,2.9987179487179487,2.991025641025641,2.995959595961538,3.023076923076923,3.0687192562794867,3.0072395980102558,3.012393162394872,3.0721794871794876,3.0785435860410257,3.494670824387179,3.005128205128205,3.4947194645000006,2.9974358974358974,3.0111111111102566,3.0111111111102566,3.1317307692282053,3.005128205128205,3.0025641025641026,3.010427350428205,2.9894680533102562,3.0792844129820507,2.9871794871794872,3.1120940170948717,3.145392276569231,3.0178876678871798,3.0128205128205128,3.045213675215385,3.0012820512820513,3.0068376068384612,2.9886965811948727,3.007051282051282,3.1527418826641025,3.0453846153846156,3.0294871794871794,2.9974358974358974,3.015498020500001,3.093868598279487,2.9987179487179487,2.9879487179487176,3.032713675212821,3.005128205128205,3.0025641025641026,3.031339031341026,3.0219658119666666,3.057994740302564,3.0029914529897432,3.0209401709410253,3.0013675213692306,3.205859182035897,3.0166666666666666,3.2529714198512822,3.0615422322769232,2.969123931625641,3.0064102564102564,3.0945645095666663,3.034188034187179,2.9974358974358974,3.0259615384615386,3.005097680097436,3.0407692307692304,3.0782176973333337,3.003846153846154,2.989230769230769,3.032711013302564,3.01025641025641,3.0107326007333333,3.3460821936282046,17.0,1.0
18,2906.1304347826085,3.5635071421130435,3.338358405017392,3.0492753623217386,3.0278260869565217,3.0710762908608698,3.008695652173913,2.9985507246347827,3.0572463768173916,3.0536231884086957,3.338429951686956,3.082608695652174,3.127536231878261,3.072410186373913,3.1726086956521735,4.3368875086086955,3.0710144927565217,3.6068566109478257,3.114624505930435,3.0903381642521737,3.2890043526173915,3.075362318843478,3.2210033978434778,3.034782608695652,3.017391304347826,3.0391304347826087,3.158832761443478,3.0766666666695657,3.0391304347826087,3.1739130434782608,3.1319202898608696,3.0608695652173914,3.065407925408696,2.965217391304348,3.017391304347826,3.0668322981391305,3.402173913043478,3.3617787477999994,3.008695652173913,3.6135301390173917,3.059420289852174,3.0049275362347827,3.015942028991304,3.115719063547826,3.0,3.0,3.0739130434782607,3.404935934017391,3.390455231913043,3.0495652173913044,3.110284522252173,3.314981093173913,3.008695652173913,3.0637681159391303,3.034782608695652,3.0,3.0,3.1918840579652175,3.0652173913043477,3.275515442678261,3.1014492753565213,3.0943478260869566,3.008695652173913,4.319454774443477,3.100799635147826,3.2130434782608694,3.2992753623217395,3.874035384913044,3.017391304347826,3.0652173913043477,3.089855072469565,3.048840579713043,3.135652173913044,3.0630434782608695,3.6637681159304343,4.62161835747826,3.2709914793999992,3.028985507243479,3.175400396704348,3.2045203588695648,4.069896480339131,3.030072463765218,3.171521739130435,3.056418219452174,3.0130434782608697,3.0521739130434784,3.017391304347826,3.0115942028956524,3.0925362318869563,3.023478260869565,4.084120082817391,3.1701187388869565,3.0608695652173914,3.155700483095652,3.3547784869217403,18.0,1.0
19,2126.279411764706,3.7169273308676476,3.150005835661765,3.286764705882353,3.014705882352941,3.2366644385,3.0588235294117645,3.0441176470588234,3.186274509808823,3.3833333333235296,4.138197097058824,3.0588235294117645,3.1534313725441177,2.9313025210147057,3.014705882352941,3.047794117647059,3.0049019607794114,3.5016396457352945,3.1004901960735296,3.2026960784264706,3.5510179580588233,3.0710784313676474,4.602998472117647,3.0183823529411766,3.0294117647058822,3.014705882352941,3.121732026161765,3.188200280117647,3.2820378151323526,3.199754901955882,3.089215686279412,3.0294117647058822,3.025735294117647,3.0441176470588234,3.073529411764706,3.0220588235294117,3.323529411764706,3.292232649632353,3.0,3.76003534339706,3.051470588235294,3.110294117647059,3.120098039205882,3.416176470588235,3.0,3.0,3.08280812325,3.5661748790441177,3.4478747967794128,3.0441176470588234,3.199310614338235,3.5628645047941174,3.0,4.056372549014705,3.4191176470588234,3.0588235294117645,3.014705882352941,3.814936125985294,3.149509803911765,3.5358393624852944,2.9926470588235294,3.0588235294117645,3.125,4.122683398882353,3.148751167132353,3.0183823529411766,3.039215686279412,3.513865546205882,3.014705882352941,3.073529411764706,3.014705882352941,3.0533088235294117,3.198529411764706,3.4651960784264704,3.1207983193235296,3.196078431367647,3.279540149411765,3.161764705882353,3.2895424836617653,3.192687908485294,3.1479341736617643,3.036764705882353,3.675011671338235,2.9926470588235294,3.0,3.176470588235294,3.0294117647058822,3.0784313725441175,3.036764705882353,3.0588235294117645,3.0933823529411764,3.415649138441177,4.404411764705882,3.3125408496764708,3.163611010147059,19.0,1.0
20,2992.0,3.5152255568961026,3.1943144200129874,3.121212121207792,3.012987012987013,2.9805194805194803,3.0,3.0,3.7295196866753244,3.852813852818182,4.259661550584416,3.012987012987013,3.153679653675325,3.0731438029610394,3.143965517246753,4.3442022263376625,3.1103896103896105,3.4770623257012994,3.0346320346363633,3.0,3.0509283256493505,3.142857142857143,3.109492735415585,3.0,3.0259740259740258,3.0,2.9978354978311685,3.0,3.0303030302987013,3.090909090909091,3.0966155057142855,3.0259740259740258,3.050797591779221,2.952380952376623,3.004329004324675,3.054112554116883,3.124304267155844,3.1273232823896113,3.012987012987013,3.449521889324676,2.9967532467532467,3.142857142857143,3.0216450216493507,3.012987012987013,3.012987012987013,3.0,3.0714285714285716,3.6871707360519483,3.590952267038961,3.051948051948052,2.981759149935065,3.2614700425714283,3.008658008662338,3.090909090909091,3.0454545454545454,3.0,3.0,3.9059987631558437,3.116883116883117,3.0780320276493507,3.0259740259740258,3.0259740259740258,2.9740259740259742,4.124791107038961,2.9508420151298704,3.0995670995714284,3.138528138519481,3.4995980210259736,3.0259740259740258,3.012987012987013,3.068965517246753,3.008658008662338,3.051948051948052,3.16125541125974,3.093073593077922,4.299072356220779,3.1738440831038957,3.0259740259740258,3.0603896103766233,3.1580086580129874,3.602762317038961,3.0162337662337664,3.0162337662337664,3.0194805194805197,3.0,3.06926406925974,2.9935064935064934,3.0,3.017316017311688,2.9675324675324677,3.8841991341948057,3.038828076675325,3.1363636363636362,3.393045482649351,3.1531301174285717,20.0,1.0
21,2066.655172413793,2.9974089859517243,3.122247551303449,3.06551724137931,3.0068965517241377,3.164240931475862,3.0068965517241377,3.110344827586207,3.032758620689655,3.024137931034483,3.1456984969034485,3.0482758620689654,3.0549425287379313,2.925476439268966,3.0771264367793103,3.0509048040068962,3.0068965517241377,4.111291677462069,3.029310344827586,3.0281609195379313,3.3221067358758622,3.0310344827586206,3.0697947533448273,2.989655172413793,3.0,3.0827586206896553,2.992676518882759,3.0172413793103448,3.094088669951724,3.1,3.0068965517241377,3.201149425289655,3.0218390804551727,3.0310344827586206,3.011822660096552,3.043678160917241,3.016912684006896,3.156289113358621,2.9931034482758623,3.644187575179312,3.0,3.413793103448276,2.994252873565517,3.0522988505724142,3.0482758620689654,3.0,3.1344827586206896,3.059255250193104,3.166825312606897,3.0055172413793105,3.0605842911931034,3.094055829234483,3.003448275862069,3.0689655172413794,3.0413793103448277,3.0,3.002955665027586,3.049786535303448,3.04712643677931,3.0223765647586207,3.1091954022965522,3.0482758620689654,3.013793103448276,3.9384495198413787,3.016091954027586,3.0068965517241377,3.0126436781655173,4.221306050275862,3.0770114942551725,3.0482758620689654,3.024137931034483,3.014942528737931,3.28057471264138,3.2187192118206895,3.179885057468965,3.0203871748344824,3.1220744389655173,3.0482758620689654,3.062085385875862,3.2768965517241377,3.0816091954,3.003448275862069,3.240919540227586,3.016896551724138,3.0068965517241377,3.0,3.0073145245517243,3.0183908045999996,3.0302134646965517,3.0310344827586206,3.085172413793104,3.015099383372413,3.027586206896552,3.133333333337931,3.081587301593103,21.0,1.0
22,2107.1518987341774,3.462440582607595,3.3228752260506322,3.259493670886076,3.0,3.369338959202532,3.0126582278481013,3.0717299578101263,3.3706449668481016,3.2869198312278485,3.6039792134810127,3.088607594936709,3.317510548518987,3.038306981341772,3.0116033755316454,3.1763110307468354,3.0126582278481013,4.3390866990886074,3.2358471224810126,3.1260548523164555,3.507394047582279,3.1012658227848102,3.2552101848607595,3.0585443037974684,3.0253164556962027,3.107594936708861,3.282700421936709,3.1063291139240508,3.3892405063291138,3.2869198312278476,3.240958408683545,3.2151898734177213,3.0365937859620256,3.037974683544304,3.107594936708861,3.0822784810126582,3.250632911392405,3.400274846822785,3.0126582278481013,3.8741371278227845,3.0822784810126582,3.5917721518987342,3.0278097429999997,3.1471924699873415,3.0759493670886076,3.0126582278481013,3.429324894506329,3.8397106690759495,3.6581209392278473,3.0126582278481013,3.1237944544683547,3.515675020088608,3.037974683544304,3.430379746835443,3.077004219405063,3.0,3.0,3.389037070518987,3.185654008443038,3.1835246779240505,3.297995780594937,3.433333333341772,3.056660638936709,4.318312134772152,2.9703134418227846,3.0854430379746836,3.1919831223670885,4.510496816835444,3.078059071734177,3.2911392405063293,3.046413502113924,3.182489451481013,3.6102320675189876,3.9050632911392404,4.7278481012784805,3.25,3.3661840570632906,3.2683544303797465,3.3143459915569626,4.021252306075949,3.474472573835443,3.0126582278481013,3.6134789261392406,3.050632911392405,3.0253164556962027,3.088607594936709,3.0,3.017088607594937,3.0063291139240507,3.132911392405063,3.276793248949367,3.160077521075949,3.0664556962025316,3.3672995780506327,3.051477384189874,22.0,1.0
23,2191.2926829268295,3.60399083852439,3.9678720430365857,3.0304878048780486,3.4094173441707323,3.0711382113902435,3.097560975609756,3.0,2.9898373983780484,3.039837398378049,3.180517694878049,3.0121951219512195,3.038617886182927,2.980811470939024,3.1391913472804878,3.067073170731707,3.0121951219512195,3.5058929599512187,3.314416376304878,3.4090913467195123,3.212941097426829,3.024390243902439,3.4497539580609766,3.3918875162804882,3.1991869918780487,3.0,3.0532520325243904,3.8655052264634153,3.018292682926829,3.0121951219512195,3.1566492450609758,3.0060975609756095,3.7097535130121955,3.0040650406463416,3.1888211382073175,3.168224932243903,3.0390243902439025,4.223527460487806,3.0,4.085304679170731,3.0060975609756095,3.024390243902439,3.0441056910609756,3.4664641591341465,3.048780487804878,3.0,3.024390243902439,3.55546045497561,3.7338371718170733,3.0121951219512195,3.924783778304879,3.486140113743902,3.0,3.080487804878049,3.024390243902439,3.0162601625975607,3.1219512195121952,3.0747773906341465,3.048780487804878,3.8153082373780487,3.301393728219512,3.0406504065,3.1341463414634148,3.3263853017073175,3.3111938197317072,3.0121951219512195,3.0121951219512195,3.2025261324024394,3.0,3.042682926829268,3.0543400286951217,3.087398373987805,3.1158536585365852,3.0853658536585367,3.089430894304878,3.0552845528414636,3.3133143279634147,3.097560975609756,4.324173260060976,3.602527290134147,3.0304878048780486,2.9878048780487805,3.4382113821219504,3.349109665219512,2.9878048780487805,3.0304878048780486,3.110670731707317,3.2083333333292683,3.1004645760731706,3.073170731707317,3.018292682926829,3.826895118256098,3.0609756097560976,3.6338027487195124,3.7574146282195118,23.0,1.0
24,2409.904,3.862131186288,3.4853663074640004,3.18,3.028,3.264276190472001,3.032,3.064,3.0511428571440002,3.031066666664,3.1999248576159998,3.02,3.050266666664,3.579475770384,3.1848717948639997,3.1644,3.112,3.5860571909679995,3.2745523809440003,3.042857142856,3.8926427615359995,3.032,3.935244415792,2.9904,3.056,3.028,3.6332000000159996,3.1869575757520003,3.0847619047679995,3.113333333328,3.3851238095199996,3.132,3.046633333328,3.050533333336,3.157905916312,3.016,3.6628822510720003,3.6343511982399996,3.016,3.939068411408,3.037333333336,3.1479999999919994,3.035333333336,3.163030303024,3.008,3.024,3.064,3.916057217384,3.8828039815359987,3.0762666666640004,3.263013775112,3.806071982512,3.0,3.092,3.1413333333280002,3.016,3.0,3.162680808088,3.2333333333359997,4.052664588104,3.0986666666720004,3.14,3.052,3.508479489175999,3.2623508448400007,3.0706666666639997,3.056533333336,3.169260484544,3.024,3.04,3.031066666664,3.1104000000000003,3.1735238095200002,3.1926666666640005,3.064666666672,3.052,3.7454454353919995,3.084,3.281241904744,3.2229922077919997,3.0905619047679997,3.019428571432,3.355390476192001,2.9976,3.088,3.1026666666720004,3.099695238096,3.01907692308,3.1349333333360003,3.048,3.032,3.9211361594160006,3.032,3.4965333333360005,3.7097249615200014,24.0,1.0
25,2104.629213483146,3.1820033399775283,3.4551977032808985,2.9831460674157304,3.0280898876404496,3.4375200641910113,3.101123595505618,3.033707865168539,3.0262172284606748,3.0818352059887637,3.1516172965617977,3.044943820224719,2.9850187265955053,2.910367722168539,3.238295880157303,2.961891385764045,3.0224719101123596,4.192935931314608,3.204307116101124,3.026083467089888,3.4869886667640446,3.0224719101123596,3.1300517210674164,3.0374531835168543,3.0224719101123596,3.0224719101123596,3.311797752808989,3.1046192259662924,3.039325842696629,3.00561797752809,3.041510611730337,3.0224719101123596,3.059269662921348,3.0224719101123596,3.0205992509325843,3.0132788559775285,3.113162118775281,3.613303828303371,3.0112359550561796,4.006972126764045,3.0,3.182584269662921,3.363295880146067,3.1832541595842696,3.039325842696629,3.0,3.1498127340786524,3.218330906943821,3.3911624268202245,3.0,3.8249063670449432,3.5075688947865173,3.0112359550561796,3.1292134831460676,3.205992509359551,3.0,3.0,3.014517042764045,3.042134831460674,3.2651887004831455,3.0936329587977527,3.056179775280899,3.0224719101123596,3.9684908634044955,3.038202247191011,2.99438202247191,2.9812734082359555,3.7920780842134825,3.0224719101123596,3.039325842696629,3.205992509370786,3.329855537719101,4.719475655449438,3.152621722842697,3.116104868921348,3.0161048689101118,3.2725334590561808,3.146067415730337,3.237489465808989,3.2609149277640443,2.9812734082359555,3.0,3.729962546808989,3.0528089887640446,3.0,3.0205992509325847,2.981273408235955,3.0074906367078653,3.027287319426966,3.1235955056179776,3.02031835205618,3.044075587337079,3.067415730337079,3.0730337078651684,3.454973161089888,25.0,1.0
26,2598.888,3.2210459130079987,3.43011968424,3.378666666664,3.008,3.208876190472,3.02,3.064,3.088399999992,3.1194666666640005,3.422000000008,3.02,3.064,3.0393333333440005,3.286,3.032,3.0,4.350171106008,3.0084,3.034,3.4516552274880006,3.0213333333359995,3.13460451128,3.024,3.02,3.04,3.1500984126960003,3.102892307696,3.053333333336,3.124,3.1999999999919995,3.02,3.020044444448,3.037333333336,3.009090909088,3.0,3.108133333336,3.4722720322000002,3.0,3.942660494408001,3.032,3.168,2.997866666664,3.0823333333359995,3.0586666666639997,3.0,3.092,3.9792476190560007,4.318098315024001,3.017714285712,3.020433333328,3.243590875792,3.0387999999999997,3.112,3.184,3.016,3.0,3.169733333336,3.032,3.1994170267360005,3.056,3.06,3.01,3.6398745920640003,3.0012624708560005,3.0213333333359995,3.049866666664,3.23755555556,3.024,3.016,3.022,3.088,3.144,3.160666666664,3.088,2.972,3.5306364718000003,3.044,3.1601827505759994,3.2218,3.1013333333359996,3.016,3.33755555556,3.0406666666640003,3.008,3.014,3.002,3.008,3.1473333333360003,3.048,3.0,3.0295855723039997,3.006666666664,3.1879999999920003,3.7841913524400006,26.0,1.0
27,2369.294117647059,3.9415477863176474,3.6949587154705896,3.636764705882353,3.164705882352941,4.117053306188236,3.211764705882353,3.139215686270589,3.3928851540705884,3.1921568627411765,4.057591311047059,3.0941176470588236,3.3429590017882354,3.2432166199764705,3.2862745097999997,3.0294117647058822,3.0509803921529417,4.318435541858824,3.728627450988235,3.0973529411764704,4.1036842009647065,3.0647058823529414,3.8439094505411764,3.0166666666705884,3.1411764705882352,3.176470588235294,3.839607843129411,3.5631996434941176,3.301960784317647,3.15490196077647,3.6898523045529408,3.29607843137647,3.2487581699411763,3.1011764705882356,3.246078431376471,3.130812324929412,3.498607928023529,4.0354909062823525,3.023529411764706,4.143387721964705,3.0558823529411763,3.5441176470588243,3.3529411764705883,3.156235294117647,3.211764705882353,3.011764705882353,3.299019607847059,3.9615559456117646,4.139876531270588,3.0,3.75342503157647,4.144967119494118,2.988235294117647,3.4676470588235295,3.595294117647059,3.023529411764706,3.0184873949529414,3.6599346405294106,3.3,3.952077822000001,3.2166666666705885,3.3156862745176476,3.192156862741177,4.240368612294118,3.263081232470589,3.0588235294117645,3.135294117647059,4.283658388411765,3.143137254905882,3.166666666670588,3.123529411764706,3.3815151515058828,3.987535014,3.3939495798352937,3.5935294117647056,3.254901960788235,3.9407364861999996,3.5779411764705884,4.012495951776471,3.889178338,3.380196078435294,3.1637254902,4.261400560235295,3.1196078431411767,3.023529411764706,3.216470588235294,3.1390196078470596,3.0,3.164229691882353,3.1411764705882352,3.1411764705882352,3.604724236141177,3.323529411764706,3.7242296918823534,3.86309751502353,27.0,1.0
28,2463.533622559653,2.838777088520607,2.9530600515401293,2.9707158351388285,3.0010845986984815,2.9585683297180045,3.0108459869848154,2.9913232104121477,2.9584495403383952,2.9781117653145337,2.910500645577006,2.997830802603037,2.952453258958785,2.8507148183470714,3.0129996901149676,2.9971438900932754,2.9934924078091107,2.8982335930086762,2.9299891540173535,3.0074685085813453,2.7874342595140997,2.9967462039045554,2.9164277358481563,2.9944323933470716,2.997830802603037,2.992407809110629,2.9251866354902383,2.9649577585596534,2.9898770788134494,3.0104844540845987,2.957411424436008,2.988069414316703,2.9949835414056394,2.979284164859002,2.9946803016203902,3.0108459869848154,2.961073940520607,2.84737195621909,2.9934924078091107,2.757733367930583,3.000433839479393,2.9707158351409984,2.9735564507809116,3.0203008582472886,3.002169197396963,3.0,2.9730657989869846,2.962459060234273,2.926820353180043,2.9965654374555313,2.9325392912646424,2.895181604117136,2.9866577144229938,3.0184381778741867,2.994938539407809,2.997107736804772,2.9934924078091107,2.926902363722342,2.9891540130151846,2.851733308930586,3.005784526392625,2.995661605206074,3.006146059290672,2.8541664419652926,2.9282657964425174,2.997830802603037,2.945408532177874,2.8922633524533623,3.004338394793926,2.992407809110629,3.021534448921909,2.968546637744035,2.999710773676789,2.9942154736073756,2.9853579175704987,3.0076644974707163,2.7793274608134477,2.9989154013015185,2.900367795698483,2.955924444316702,2.8967635762668116,2.9963846710043383,2.984560901863341,2.985177151121475,3.002169197396963,2.9891540130151846,2.998373101954446,2.9971077368047725,2.989009399854664,2.988069414316703,3.0034707158351406,2.882949859802604,3.017353579175705,3.002550450273319,2.87068873064642,28.0,1.0
29,2383.0967741935483,3.8168630605268814,3.213709677419355,3.0723362658817206,3.0,3.0318996415806456,3.043010752688172,3.032258064516129,3.217383512548387,3.1675627240107525,3.5501194743118276,3.032258064516129,3.124731182795699,3.191946900817204,3.127956989247312,3.1043906810000004,2.9928315412150535,3.360368663591398,3.087813620075269,3.03494623655914,3.3564618575376337,4.021505376344086,3.1920378904301074,3.010752688172043,3.0,3.053763440860215,3.1474910394301077,3.0573476702473124,3.096774193548387,3.10752688172043,3.0835125448064513,3.1559139784946235,3.021505376344086,2.9623655913978495,3.0,3.0161290322580645,3.4693961952043013,3.278912455494624,3.0,3.5994878101290326,3.043010752688172,3.0698924731182795,2.9704301075268815,3.0940860215053765,3.032258064516129,3.0,4.432795698924731,3.3098763243978495,3.29904185,3.0906298003118278,3.1157706093225803,3.306707629290322,3.0,3.1236559139784945,3.10752688172043,3.0,3.0071684587849457,3.4137992831505373,3.064516129032258,3.317032881408602,3.0689964157741936,3.0913978494623655,3.058064516129032,4.434356645870967,3.0977776355376347,3.3655913978494625,3.2562724014408597,3.316308243731182,3.129032258064516,3.0,3.096774193548387,3.0591397849462365,3.087813620075268,3.096774193548387,4.758960573473118,3.1,3.3001192425483863,3.0,3.0875448028709673,3.7652329749139786,3.969534050172043,3.013440860215054,3.2283154121827957,3.0188172043010755,3.0053763440860215,3.0250896057311834,3.0,3.010752688172043,3.058064516129032,3.021505376344086,3.0521505376344087,3.166656626817204,3.021505376344086,3.075780849967742,3.229706434537634,29.0,1.0
30,2615.060773480663,3.500939775287294,3.481158988331492,3.325905463480663,3.0567833026408837,3.177840261342541,3.016574585635359,3.0828729281767955,3.6950736648287297,3.9672717705801115,4.1153903947790065,3.0331491712707184,3.138505217928177,3.186103550049724,3.149973691138121,3.113209624475138,3.0138121546961325,3.4267438348342543,3.2245659037016567,3.065745856353591,3.472279731447514,3.0331491712707184,3.3375106830386736,3.0092081031325972,3.022099447513812,3.0359116022099446,3.2410281783867414,3.065557938071823,3.138581952116022,3.1740331491712706,3.310948673790056,3.0184162062596687,3.0377532228342536,2.980478821364641,3.118879495546961,3.007366482502762,3.2633203582817685,3.3157840329171266,3.0,3.673151205430938,3.053038674033149,3.1947513812099446,3.074585635359116,3.165423572745856,3.0110497237569063,3.0,3.0917127071823205,3.9762407838508302,3.7759891339944747,3.0709023941049725,3.1290653177403325,3.4359910271104956,3.0110497237569063,3.4423835832596685,3.0847145488011045,3.0082872928176796,3.005524861878453,3.883675486580112,3.2876611418011055,3.452014772209944,3.0386740331491713,3.1022099447513813,3.0681399631657453,4.017329683298342,3.0040515653756903,3.0662983425414363,2.9742173112320436,3.1862338858176797,3.0331491712707184,3.022099447513812,3.044461983685083,3.0718232044198897,3.029281767955801,3.379373848988951,3.1298342541436464,3.060560985977901,3.336457098314919,3.1979742173149166,3.2188498042817684,3.310132202055249,3.107997895287293,3.0138121546961325,3.280926072082874,3.0154912793812154,3.052486187845304,3.2843462246795583,3.057609241585635,3.0110497237569063,3.0660812943922653,3.027624309392265,3.027199320016575,3.3083309139116035,3.157458563535912,4.111741128729283,3.409924673370166,30.0,1.0
31,2954.55,4.056641611616667,3.9064282235500003,3.3041666666666667,3.033333333333333,3.527232744116667,3.1333333333333333,3.0166666666666666,4.005615079366667,3.807777777766667,4.245598151833334,3.3375,3.72814814815,3.3111046456333333,4.09440742005,4.2452339181,3.355,4.2134401784,3.5616666666666665,3.191666666666667,3.6432184964666674,3.2444444444500005,3.3810479798166666,3.0166666666666666,3.033333333333333,3.066666666666667,3.325317460316667,3.117777777783333,3.2222222222333334,3.5888888889,3.2686111111166665,3.1416666666666666,3.157175925916667,3.0,3.13830128205,3.241666666666667,3.9676028138166672,4.015118440383334,3.0,4.145066092799999,3.1333333333333333,3.1000000000166663,3.2055555555499997,3.3444444444499997,3.033333333333333,3.05,3.8611111111,3.9879386800499996,3.920191254083332,3.1194444444499996,3.1155555555500003,4.020179080199999,3.0,3.1166666666666667,3.19444444445,3.0,3.0,3.9625746706833334,3.088888888883333,3.762686767416668,3.0527777777833336,3.2611111111166666,3.0,4.378690804783334,3.3094444444500004,3.6286111111,3.955952380983333,4.31762825135,3.0166666666666666,3.125,3.6922917435833336,3.1190476190500003,3.7529256854499997,3.359722222233333,4.158611111116667,4.443127705616666,3.658225395766666,3.0833333333333335,3.3413780663833337,3.890740740733333,4.306312530116666,3.0733333333333333,3.583540163566667,3.066666666666667,3.0,3.183333333333333,3.0958333333333328,3.05,3.265793650783334,3.05,4.0097875816999995,3.338697751333333,3.2000000000166664,3.35023809525,4.075681688783333,31.0,1.0
32,2537.457013574661,3.458736517076923,3.2429289664524887,3.042878689936652,2.9931049342805434,3.1324175824162896,2.990950226244344,3.0,3.0152086475565616,3.0479422538280545,3.0594713593936658,3.0,3.018099547511312,3.0793282440000005,3.0657616892895927,3.0082202111628957,2.993212669683258,3.227352065764706,3.0326168929095023,3.0213854772669686,3.485149879402714,3.009049773755656,3.83399831374208,3.013574660633484,3.065610859728507,3.004524886877828,3.1840372046244347,3.03090181482353,2.984162895927602,3.0339366515837103,3.1694947209683257,3.015837104072398,3.0109351432895926,3.001131221719457,3.177727501257919,2.9990950226244344,3.096576914791855,3.149852310303167,3.0,3.742939261660633,3.0,3.0407778496018096,3.0497737556561084,3.0234690886651583,3.0,3.018099547511312,3.006787330316742,3.1421081993755653,3.3345288473529417,3.02262443438914,3.221681010262444,3.161825122212669,3.0,3.027903469081448,3.0408748114615385,3.020361990950226,3.004977375565611,3.0441176470588243,3.0218702865746603,4.0231908462760195,3.0217553688144796,3.0316742081447963,3.0958845076470585,3.0627328051447975,3.068665756900452,3.006787330316742,3.0007541478144795,3.0399482870090497,3.009049773755656,3.002262443438914,3.0206851971538464,3.0082956259457014,3.0238310708914025,3.0286576168914023,3.0542986425339365,3.003016591253394,3.2448878002895927,3.0407239819004523,3.09272524861086,3.003921568628959,3.0091251885384613,3.01131221719457,3.1220211161357474,3.0196078431357463,3.02262443438914,3.061840120665159,3.112475759533937,3.005128205126697,3.033559577674208,3.009049773755656,3.0052036199095022,3.9934298381402726,3.009049773755656,3.094720965312217,3.091122470072398,32.0,1.0
33,2398.176470588235,2.988838517862745,3.1602567693764714,3.1129084967333336,3.0274509803921568,2.972163794815687,2.988235294117647,3.0483660130705883,3.4571895424901955,3.4345938375372547,4.013133959474508,3.019607843137255,3.0607843137215687,2.884489904368626,3.0181263616549026,3.0017366946784314,2.992156862745098,3.1362431778117643,3.021521942113725,3.0321162947921567,2.8000045949921564,3.0575163398705882,3.0657173436588234,3.0065359477098044,3.0098039215686274,3.0261437908509805,2.9173856209137257,3.000686274509804,3.033333333333333,3.0794117647058825,3.0666106442588235,3.0,2.9851540616235295,2.985620915031373,3.0437908496745103,2.990686274509804,3.0020261437960785,3.006770925525491,3.003921568627451,3.068378054470588,3.011764705882353,3.0647058823529414,2.9925490196078433,3.0808318478901957,3.0,3.0,3.1333333333333333,3.247552783854903,3.1462740300588248,3.031529411764706,2.9921568627450976,3.1082881126392152,3.0066106442588234,3.224183006537255,3.083660130717647,2.996078431372549,2.9955555555568627,3.706778570011764,3.1437908496745095,2.9750233016392156,3.020915032682353,3.023529411764706,3.0166666666666666,3.822426185560784,2.9881699346392163,3.066666666666667,2.9911111111137254,3.054220354807843,3.023529411764706,3.003921568627451,3.022222222223529,3.0052287581686277,3.0647058823529414,3.0901960784313727,3.0999999999999996,2.977450980392157,2.90265187787451,3.0558823529411763,3.001162155788236,3.135471521945098,3.0090849673176474,2.996078431372549,3.077860374917647,3.0021786492392155,3.007843137254902,3.1058823529411765,3.013398692811765,3.0087581699333334,3.004855275443137,3.0058823529411764,2.996078431372549,2.957599191086274,3.092156862745098,3.1884624961098034,2.972997476376471,33.0,1.0
34,2481.0967741935483,4.1735670488870955,3.403603537661291,3.267741935483871,3.064516129032258,3.209746139548387,3.0161290322580645,3.096774193548387,3.7817204301129026,3.729569892467742,4.2290066564193545,3.1505376344032254,3.983602150532258,3.604683622822581,3.135752688177419,3.567132775435484,3.1774193548387095,3.499363738403225,3.276881720435484,3.032258064516129,3.88587418898387,3.129032258064516,3.6595927155967747,3.034274193548387,3.0215053763387094,3.1129032258064515,3.8133128520322583,3.2103861192580645,3.0483870967741935,3.7594086021451614,3.121774193548388,3.0,3.1634466103064516,3.071428571435484,3.142059553354839,3.190860215048387,4.013536866354838,3.606784913564516,3.032258064516129,4.094375253435483,3.088709677419355,3.2096774193548385,3.0403225806451615,3.278225806451613,3.0,3.0,3.475806451612903,4.0037637318225805,3.9091709954193545,3.274193548387097,3.2978110599032258,3.8613007959838703,3.0,3.2150537634354834,3.133870967741936,3.0483870967741935,3.0,4.168806730935484,3.342741935483871,3.831017918612904,3.0672043010806456,3.0403225806451615,3.026881720435484,4.392472964290322,3.2577815506451615,3.564516129032258,4.190044162854838,3.9569568108387094,3.0483870967741935,3.0,3.096774193548387,3.1903225806451614,3.1774193548387095,3.2903225806451615,3.3844086021451614,3.3102323968064513,3.8079641435806466,3.1048387096774195,3.3708397337419354,3.4905913978709675,4.5721699057903225,3.0483870967741935,3.738530465951613,3.0161290322580645,2.967741935483871,3.193548387096774,3.1059139785000003,3.0161290322580645,3.3567588325645157,3.1559139785,3.1217741935483874,3.6186329246451603,3.225806451612903,3.392473118274194,3.8905435442096774,34.0,1.0
35,2188.475,3.864876724099999,3.7987758770125,3.4466666666625003,3.1528273809625,3.7976013018749994,3.38125,3.0625,3.6774431818249993,3.4345833333374998,4.159305555575001,3.0875,3.2916666666750003,3.0054811508,3.614223137987499,3.1520833333375,3.0875,4.0634597507875005,3.9907061688375003,4.567357760012501,3.7772945392000006,3.01875,3.8355748132749987,3.4456547619124995,3.21875,3.1375,3.5524485930750003,3.85735998375,3.215625,3.2229166666625004,3.3568154762,3.225,3.336864566575001,3.0166666666625,3.171875,3.2931439393874995,3.2237797619249995,4.0925728535375,3.0,4.11874202765,3.0625,3.20625,3.4027867965375003,4.678759580574999,3.10625,3.0,3.3291666666624997,3.9562088972625005,3.8591884607749996,3.0375,3.9621928051374993,4.108080919450001,3.0,3.3822916666750005,3.3691666666624998,3.00625,3.1541666666625003,3.9107316468500004,3.4979166666625,3.842595093500001,3.4883134920625003,3.1375,3.2258035714249997,4.237448552899998,3.3837797619125007,3.0375,3.08125,3.9220752164625003,3.025,3.2145833333374996,3.3973823051874996,3.52470238095,3.889059829075,3.3950000000000005,3.4135416666625,3.0729166666625,3.6771379205625,3.18125,4.050777812025,3.7797619149874997,3.2950000000000004,3.1625,4.1203715728875,3.2920535714375,3.0375,3.1708333333375003,3.06634615385,3.3208333333375,3.3133333333375,3.173333333325,3.1504166666625,3.5605240246000003,3.25625,3.8978422619125004,3.922609126087501,35.0,1.0
36,2888.109375,3.9510476820468745,4.41374345265625,3.140625,3.1398065476093753,3.250396825390625,3.078125,3.0625,3.0416666666718752,3.0390625,3.17131076390625,2.984375,3.0468749999999996,3.4512488591406254,3.6680332934531257,3.4469866071406248,3.165625,3.9475271796875,3.2833271329375,3.078125,3.8875952236874993,2.984375,3.7408660159062497,3.203125,3.0,3.015625,3.2113817402031244,4.051901548984375,3.0,3.125,3.234375,3.09375,3.6547434705468747,3.234375,3.30625,3.65703125,3.6480568910156244,4.37174146484375,3.0,4.308541785140626,3.0,3.075520833328125,3.26497395834375,3.12934027778125,3.025,3.0,3.1484375,3.978267874390625,4.062472734640625,3.078125,3.645379988921875,3.7887865834843755,3.0,3.015625,3.0625,3.03125,3.03125,3.0705729166562503,3.046875,4.1871478039375,3.6154389880781252,3.088541666671875,3.109375,3.6027911324843753,3.9527839360625006,3.078125,3.1197916666718752,3.3576264880937496,3.0,3.03125,3.3896353321093753,3.067708333328125,3.23671875,3.1109375,3.2421875,3.30228365384375,4.222869632984375,3.140625,4.376777023828124,3.4583333333281256,3.1458333333281248,3.02604166665625,3.504148065484375,3.165432787703125,3.015625,3.0625,3.173076923078125,3.0,3.8183982684062503,3.046875,3.0625,3.7459309146562503,3.015625,3.7822150735312503,4.289113320218751,36.0,1.0
